Sample,Spacer,PAM,Raw_Counts_1
control_sample,SPACER1,AAAA,637
control_sample,SPACER1,AAAC,653
control_sample,SPACER1,AAAG,586
control_sample,SPACER1,AAAT,671
control_sample,SPACER1,AACA,740
control_sample,SPACER1,AACC,726
control_sample,SPACER1,AACG,658
control_sample,SPACER1,AACT,697
control_sample,SPACER1,AAGA,524
control_sample,SPACER1,AAGC,627
control_sample,SPACER1,AAGG,560
control_sample,SPACER1,AAGT,559
control_sample,SPACER1,AATA,653
control_sample,SPACER1,AATC,691
control_sample,SPACER1,AATG,588
control_sample,SPACER1,AATT,464
control_sample,SPACER1,ACAA,739
control_sample,SPACER1,ACAC,809
control_sample,SPACER1,ACAG,683
control_sample,SPACER1,ACAT,758
control_sample,SPACER1,ACCA,736
control_sample,SPACER1,ACCC,690
control_sample,SPACER1,ACCG,641
control_sample,SPACER1,ACCT,692
control_sample,SPACER1,ACGA,568
control_sample,SPACER1,ACGC,666
control_sample,SPACER1,ACGG,615
control_sample,SPACER1,ACGT,642
control_sample,SPACER1,ACTA,601
control_sample,SPACER1,ACTC,698
control_sample,SPACER1,ACTG,606
control_sample,SPACER1,ACTT,671
control_sample,SPACER1,AGAA,472
control_sample,SPACER1,AGAC,587
control_sample,SPACER1,AGAG,476
control_sample,SPACER1,AGAT,493
control_sample,SPACER1,AGCA,620
control_sample,SPACER1,AGCC,676
control_sample,SPACER1,AGCG,546
control_sample,SPACER1,AGCT,623
control_sample,SPACER1,AGGA,531
control_sample,SPACER1,AGGC,555
control_sample,SPACER1,AGGG,497
control_sample,SPACER1,AGGT,518
control_sample,SPACER1,AGTA,575
control_sample,SPACER1,AGTC,603
control_sample,SPACER1,AGTG,495
control_sample,SPACER1,AGTT,653
control_sample,SPACER1,ATAA,606
control_sample,SPACER1,ATAC,676
control_sample,SPACER1,ATAG,561
control_sample,SPACER1,ATAT,655
control_sample,SPACER1,ATCA,781
control_sample,SPACER1,ATCC,693
control_sample,SPACER1,ATCG,679
control_sample,SPACER1,ATCT,641
control_sample,SPACER1,ATGA,558
control_sample,SPACER1,ATGC,633
control_sample,SPACER1,ATGG,555
control_sample,SPACER1,ATGT,614
control_sample,SPACER1,ATTA,630
control_sample,SPACER1,ATTC,750
control_sample,SPACER1,ATTG,607
control_sample,SPACER1,ATTT,689
control_sample,SPACER1,CAAA,750
control_sample,SPACER1,CAAC,791
control_sample,SPACER1,CAAG,634
control_sample,SPACER1,CAAT,717
control_sample,SPACER1,CACA,794
control_sample,SPACER1,CACC,789
control_sample,SPACER1,CACG,707
control_sample,SPACER1,CACT,704
control_sample,SPACER1,CAGA,552
control_sample,SPACER1,CAGC,672
control_sample,SPACER1,CAGG,616
control_sample,SPACER1,CAGT,654
control_sample,SPACER1,CATA,721
control_sample,SPACER1,CATC,801
control_sample,SPACER1,CATG,628
control_sample,SPACER1,CATT,733
control_sample,SPACER1,CCAA,771
control_sample,SPACER1,CCAC,788
control_sample,SPACER1,CCAG,683
control_sample,SPACER1,CCAT,687
control_sample,SPACER1,CCCA,779
control_sample,SPACER1,CCCC,768
control_sample,SPACER1,CCCG,724
control_sample,SPACER1,CCCT,720
control_sample,SPACER1,CCGA,569
control_sample,SPACER1,CCGC,650
control_sample,SPACER1,CCGG,571
control_sample,SPACER1,CCGT,644
control_sample,SPACER1,CCTA,610
control_sample,SPACER1,CCTC,724
control_sample,SPACER1,CCTG,580
control_sample,SPACER1,CCTT,662
control_sample,SPACER1,CGAA,579
control_sample,SPACER1,CGAC,632
control_sample,SPACER1,CGAG,490
control_sample,SPACER1,CGAT,564
control_sample,SPACER1,CGCA,709
control_sample,SPACER1,CGCC,683
control_sample,SPACER1,CGCG,550
control_sample,SPACER1,CGCT,610
control_sample,SPACER1,CGGA,547
control_sample,SPACER1,CGGC,594
control_sample,SPACER1,CGGG,492
control_sample,SPACER1,CGGT,586
control_sample,SPACER1,CGTA,592
control_sample,SPACER1,CGTC,605
control_sample,SPACER1,CGTG,567
control_sample,SPACER1,CGTT,586
control_sample,SPACER1,CTAA,640
control_sample,SPACER1,CTAC,691
control_sample,SPACER1,CTAG,606
control_sample,SPACER1,CTAT,624
control_sample,SPACER1,CTCA,780
control_sample,SPACER1,CTCC,670
control_sample,SPACER1,CTCG,712
control_sample,SPACER1,CTCT,680
control_sample,SPACER1,CTGA,525
control_sample,SPACER1,CTGC,613
control_sample,SPACER1,CTGG,566
control_sample,SPACER1,CTGT,573
control_sample,SPACER1,CTTA,659
control_sample,SPACER1,CTTC,696
control_sample,SPACER1,CTTG,597
control_sample,SPACER1,CTTT,609
control_sample,SPACER1,GAAA,534
control_sample,SPACER1,GAAC,608
control_sample,SPACER1,GAAG,446
control_sample,SPACER1,GAAT,515
control_sample,SPACER1,GACA,650
control_sample,SPACER1,GACC,617
control_sample,SPACER1,GACG,487
control_sample,SPACER1,GACT,543
control_sample,SPACER1,GAGA,426
control_sample,SPACER1,GAGC,508
control_sample,SPACER1,GAGG,426
control_sample,SPACER1,GAGT,530
control_sample,SPACER1,GATA,451
control_sample,SPACER1,GATC,556
control_sample,SPACER1,GATG,529
control_sample,SPACER1,GATT,586
control_sample,SPACER1,GCAA,717
control_sample,SPACER1,GCAC,621
control_sample,SPACER1,GCAG,589
control_sample,SPACER1,GCAT,632
control_sample,SPACER1,GCCA,667
control_sample,SPACER1,GCCC,668
control_sample,SPACER1,GCCG,548
control_sample,SPACER1,GCCT,606
control_sample,SPACER1,GCGA,519
control_sample,SPACER1,GCGC,543
control_sample,SPACER1,GCGG,492
control_sample,SPACER1,GCGT,521
control_sample,SPACER1,GCTA,550
control_sample,SPACER1,GCTC,594
control_sample,SPACER1,GCTG,462
control_sample,SPACER1,GCTT,574
control_sample,SPACER1,GGAA,458
control_sample,SPACER1,GGAC,570
control_sample,SPACER1,GGAG,384
control_sample,SPACER1,GGAT,540
control_sample,SPACER1,GGCA,616
control_sample,SPACER1,GGCC,574
control_sample,SPACER1,GGCG,451
control_sample,SPACER1,GGCT,502
control_sample,SPACER1,GGGA,435
control_sample,SPACER1,GGGC,481
control_sample,SPACER1,GGGG,316
control_sample,SPACER1,GGGT,482
control_sample,SPACER1,GGTA,534
control_sample,SPACER1,GGTC,564
control_sample,SPACER1,GGTG,393
control_sample,SPACER1,GGTT,508
control_sample,SPACER1,GTAA,569
control_sample,SPACER1,GTAC,607
control_sample,SPACER1,GTAG,469
control_sample,SPACER1,GTAT,569
control_sample,SPACER1,GTCA,669
control_sample,SPACER1,GTCC,622
control_sample,SPACER1,GTCG,576
control_sample,SPACER1,GTCT,568
control_sample,SPACER1,GTGA,491
control_sample,SPACER1,GTGC,541
control_sample,SPACER1,GTGG,484
control_sample,SPACER1,GTGT,501
control_sample,SPACER1,GTTA,598
control_sample,SPACER1,GTTC,634
control_sample,SPACER1,GTTG,477
control_sample,SPACER1,GTTT,570
control_sample,SPACER1,TAAA,649
control_sample,SPACER1,TAAC,656
control_sample,SPACER1,TAAG,595
control_sample,SPACER1,TAAT,619
control_sample,SPACER1,TACA,724
control_sample,SPACER1,TACC,737
control_sample,SPACER1,TACG,719
control_sample,SPACER1,TACT,703
control_sample,SPACER1,TAGA,527
control_sample,SPACER1,TAGC,616
control_sample,SPACER1,TAGG,590
control_sample,SPACER1,TAGT,590
control_sample,SPACER1,TATA,638
control_sample,SPACER1,TATC,703
control_sample,SPACER1,TATG,555
control_sample,SPACER1,TATT,676
control_sample,SPACER1,TCAA,815
control_sample,SPACER1,TCAC,806
control_sample,SPACER1,TCAG,662
control_sample,SPACER1,TCAT,814
control_sample,SPACER1,TCCA,766
control_sample,SPACER1,TCCC,769
control_sample,SPACER1,TCCG,639
control_sample,SPACER1,TCCT,684
control_sample,SPACER1,TCGA,618
control_sample,SPACER1,TCGC,690
control_sample,SPACER1,TCGG,571
control_sample,SPACER1,TCGT,639
control_sample,SPACER1,TCTA,611
control_sample,SPACER1,TCTC,763
control_sample,SPACER1,TCTG,655
control_sample,SPACER1,TCTT,703
control_sample,SPACER1,TGAA,557
control_sample,SPACER1,TGAC,603
control_sample,SPACER1,TGAG,480
control_sample,SPACER1,TGAT,616
control_sample,SPACER1,TGCA,684
control_sample,SPACER1,TGCC,675
control_sample,SPACER1,TGCG,591
control_sample,SPACER1,TGCT,596
control_sample,SPACER1,TGGA,538
control_sample,SPACER1,TGGC,602
control_sample,SPACER1,TGGG,443
control_sample,SPACER1,TGGT,565
control_sample,SPACER1,TGTA,570
control_sample,SPACER1,TGTC,667
control_sample,SPACER1,TGTG,537
control_sample,SPACER1,TGTT,597
control_sample,SPACER1,TTAA,681
control_sample,SPACER1,TTAC,735
control_sample,SPACER1,TTAG,612
control_sample,SPACER1,TTAT,659
control_sample,SPACER1,TTCA,884
control_sample,SPACER1,TTCC,759
control_sample,SPACER1,TTCG,685
control_sample,SPACER1,TTCT,698
control_sample,SPACER1,TTGA,564
control_sample,SPACER1,TTGC,618
control_sample,SPACER1,TTGG,583
control_sample,SPACER1,TTGT,600
control_sample,SPACER1,TTTA,678
control_sample,SPACER1,TTTC,711
control_sample,SPACER1,TTTG,629
control_sample,SPACER1,TTTT,707
control_sample,SPACER2,AAAA,438
control_sample,SPACER2,AAAC,481
control_sample,SPACER2,AAAG,409
control_sample,SPACER2,AAAT,543
control_sample,SPACER2,AACA,501
control_sample,SPACER2,AACC,522
control_sample,SPACER2,AACG,429
control_sample,SPACER2,AACT,492
control_sample,SPACER2,AAGA,404
control_sample,SPACER2,AAGC,455
control_sample,SPACER2,AAGG,344
control_sample,SPACER2,AAGT,405
control_sample,SPACER2,AATA,387
control_sample,SPACER2,AATC,546
control_sample,SPACER2,AATG,424
control_sample,SPACER2,AATT,467
control_sample,SPACER2,ACAA,454
control_sample,SPACER2,ACAC,562
control_sample,SPACER2,ACAG,399
control_sample,SPACER2,ACAT,552
control_sample,SPACER2,ACCA,471
control_sample,SPACER2,ACCC,514
control_sample,SPACER2,ACCG,427
control_sample,SPACER2,ACCT,439
control_sample,SPACER2,ACGA,378
control_sample,SPACER2,ACGC,459
control_sample,SPACER2,ACGG,357
control_sample,SPACER2,ACGT,438
control_sample,SPACER2,ACTA,450
control_sample,SPACER2,ACTC,515
control_sample,SPACER2,ACTG,414
control_sample,SPACER2,ACTT,470
control_sample,SPACER2,AGAA,353
control_sample,SPACER2,AGAC,381
control_sample,SPACER2,AGAG,288
control_sample,SPACER2,AGAT,348
control_sample,SPACER2,AGCA,393
control_sample,SPACER2,AGCC,463
control_sample,SPACER2,AGCG,341
control_sample,SPACER2,AGCT,401
control_sample,SPACER2,AGGA,318
control_sample,SPACER2,AGGC,405
control_sample,SPACER2,AGGG,306
control_sample,SPACER2,AGGT,373
control_sample,SPACER2,AGTA,376
control_sample,SPACER2,AGTC,455
control_sample,SPACER2,AGTG,360
control_sample,SPACER2,AGTT,426
control_sample,SPACER2,ATAA,388
control_sample,SPACER2,ATAC,458
control_sample,SPACER2,ATAG,360
control_sample,SPACER2,ATAT,443
control_sample,SPACER2,ATCA,507
control_sample,SPACER2,ATCC,476
control_sample,SPACER2,ATCG,407
control_sample,SPACER2,ATCT,462
control_sample,SPACER2,ATGA,373
control_sample,SPACER2,ATGC,428
control_sample,SPACER2,ATGG,381
control_sample,SPACER2,ATGT,416
control_sample,SPACER2,ATTA,434
control_sample,SPACER2,ATTC,509
control_sample,SPACER2,ATTG,409
control_sample,SPACER2,ATTT,515
control_sample,SPACER2,CAAA,519
control_sample,SPACER2,CAAC,546
control_sample,SPACER2,CAAG,421
control_sample,SPACER2,CAAT,519
control_sample,SPACER2,CACA,576
control_sample,SPACER2,CACC,530
control_sample,SPACER2,CACG,479
control_sample,SPACER2,CACT,491
control_sample,SPACER2,CAGA,399
control_sample,SPACER2,CAGC,458
control_sample,SPACER2,CAGG,415
control_sample,SPACER2,CAGT,444
control_sample,SPACER2,CATA,509
control_sample,SPACER2,CATC,561
control_sample,SPACER2,CATG,443
control_sample,SPACER2,CATT,544
control_sample,SPACER2,CCAA,506
control_sample,SPACER2,CCAC,517
control_sample,SPACER2,CCAG,436
control_sample,SPACER2,CCAT,493
control_sample,SPACER2,CCCA,539
control_sample,SPACER2,CCCC,487
control_sample,SPACER2,CCCG,454
control_sample,SPACER2,CCCT,503
control_sample,SPACER2,CCGA,416
control_sample,SPACER2,CCGC,484
control_sample,SPACER2,CCGG,368
control_sample,SPACER2,CCGT,478
control_sample,SPACER2,CCTA,471
control_sample,SPACER2,CCTC,533
control_sample,SPACER2,CCTG,395
control_sample,SPACER2,CCTT,520
control_sample,SPACER2,CGAA,376
control_sample,SPACER2,CGAC,482
control_sample,SPACER2,CGAG,353
control_sample,SPACER2,CGAT,353
control_sample,SPACER2,CGCA,482
control_sample,SPACER2,CGCC,475
control_sample,SPACER2,CGCG,382
control_sample,SPACER2,CGCT,456
control_sample,SPACER2,CGGA,330
control_sample,SPACER2,CGGC,401
control_sample,SPACER2,CGGG,315
control_sample,SPACER2,CGGT,422
control_sample,SPACER2,CGTA,431
control_sample,SPACER2,CGTC,471
control_sample,SPACER2,CGTG,359
control_sample,SPACER2,CGTT,477
control_sample,SPACER2,CTAA,411
control_sample,SPACER2,CTAC,468
control_sample,SPACER2,CTAG,356
control_sample,SPACER2,CTAT,449
control_sample,SPACER2,CTCA,504
control_sample,SPACER2,CTCC,537
control_sample,SPACER2,CTCG,444
control_sample,SPACER2,CTCT,486
control_sample,SPACER2,CTGA,393
control_sample,SPACER2,CTGC,432
control_sample,SPACER2,CTGG,379
control_sample,SPACER2,CTGT,365
control_sample,SPACER2,CTTA,459
control_sample,SPACER2,CTTC,478
control_sample,SPACER2,CTTG,435
control_sample,SPACER2,CTTT,491
control_sample,SPACER2,GAAA,389
control_sample,SPACER2,GAAC,434
control_sample,SPACER2,GAAG,306
control_sample,SPACER2,GAAT,364
control_sample,SPACER2,GACA,430
control_sample,SPACER2,GACC,426
control_sample,SPACER2,GACG,357
control_sample,SPACER2,GACT,415
control_sample,SPACER2,GAGA,332
control_sample,SPACER2,GAGC,360
control_sample,SPACER2,GAGG,311
control_sample,SPACER2,GAGT,324
control_sample,SPACER2,GATA,408
control_sample,SPACER2,GATC,406
control_sample,SPACER2,GATG,356
control_sample,SPACER2,GATT,469
control_sample,SPACER2,GCAA,451
control_sample,SPACER2,GCAC,459
control_sample,SPACER2,GCAG,413
control_sample,SPACER2,GCAT,427
control_sample,SPACER2,GCCA,453
control_sample,SPACER2,GCCC,491
control_sample,SPACER2,GCCG,380
control_sample,SPACER2,GCCT,439
control_sample,SPACER2,GCGA,317
control_sample,SPACER2,GCGC,345
control_sample,SPACER2,GCGG,300
control_sample,SPACER2,GCGT,364
control_sample,SPACER2,GCTA,394
control_sample,SPACER2,GCTC,465
control_sample,SPACER2,GCTG,304
control_sample,SPACER2,GCTT,458
control_sample,SPACER2,GGAA,316
control_sample,SPACER2,GGAC,356
control_sample,SPACER2,GGAG,283
control_sample,SPACER2,GGAT,371
control_sample,SPACER2,GGCA,418
control_sample,SPACER2,GGCC,405
control_sample,SPACER2,GGCG,315
control_sample,SPACER2,GGCT,390
control_sample,SPACER2,GGGA,326
control_sample,SPACER2,GGGC,342
control_sample,SPACER2,GGGG,240
control_sample,SPACER2,GGGT,335
control_sample,SPACER2,GGTA,383
control_sample,SPACER2,GGTC,399
control_sample,SPACER2,GGTG,304
control_sample,SPACER2,GGTT,431
control_sample,SPACER2,GTAA,407
control_sample,SPACER2,GTAC,439
control_sample,SPACER2,GTAG,311
control_sample,SPACER2,GTAT,446
control_sample,SPACER2,GTCA,490
control_sample,SPACER2,GTCC,479
control_sample,SPACER2,GTCG,371
control_sample,SPACER2,GTCT,426
control_sample,SPACER2,GTGA,319
control_sample,SPACER2,GTGC,362
control_sample,SPACER2,GTGG,333
control_sample,SPACER2,GTGT,379
control_sample,SPACER2,GTTA,433
control_sample,SPACER2,GTTC,472
control_sample,SPACER2,GTTG,375
control_sample,SPACER2,GTTT,442
control_sample,SPACER2,TAAA,414
control_sample,SPACER2,TAAC,485
control_sample,SPACER2,TAAG,417
control_sample,SPACER2,TAAT,448
control_sample,SPACER2,TACA,505
control_sample,SPACER2,TACC,519
control_sample,SPACER2,TACG,440
control_sample,SPACER2,TACT,471
control_sample,SPACER2,TAGA,340
control_sample,SPACER2,TAGC,429
control_sample,SPACER2,TAGG,340
control_sample,SPACER2,TAGT,410
control_sample,SPACER2,TATA,445
control_sample,SPACER2,TATC,510
control_sample,SPACER2,TATG,429
control_sample,SPACER2,TATT,496
control_sample,SPACER2,TCAA,570
control_sample,SPACER2,TCAC,601
control_sample,SPACER2,TCAG,476
control_sample,SPACER2,TCAT,542
control_sample,SPACER2,TCCA,588
control_sample,SPACER2,TCCC,514
control_sample,SPACER2,TCCG,461
control_sample,SPACER2,TCCT,508
control_sample,SPACER2,TCGA,427
control_sample,SPACER2,TCGC,483
control_sample,SPACER2,TCGG,421
control_sample,SPACER2,TCGT,503
control_sample,SPACER2,TCTA,476
control_sample,SPACER2,TCTC,537
control_sample,SPACER2,TCTG,416
control_sample,SPACER2,TCTT,503
control_sample,SPACER2,TGAA,396
control_sample,SPACER2,TGAC,399
control_sample,SPACER2,TGAG,310
control_sample,SPACER2,TGAT,445
control_sample,SPACER2,TGCA,435
control_sample,SPACER2,TGCC,462
control_sample,SPACER2,TGCG,348
control_sample,SPACER2,TGCT,437
control_sample,SPACER2,TGGA,356
control_sample,SPACER2,TGGC,400
control_sample,SPACER2,TGGG,346
control_sample,SPACER2,TGGT,393
control_sample,SPACER2,TGTA,436
control_sample,SPACER2,TGTC,453
control_sample,SPACER2,TGTG,345
control_sample,SPACER2,TGTT,430
control_sample,SPACER2,TTAA,478
control_sample,SPACER2,TTAC,542
control_sample,SPACER2,TTAG,448
control_sample,SPACER2,TTAT,489
control_sample,SPACER2,TTCA,550
control_sample,SPACER2,TTCC,492
control_sample,SPACER2,TTCG,480
control_sample,SPACER2,TTCT,511
control_sample,SPACER2,TTGA,362
control_sample,SPACER2,TTGC,397
control_sample,SPACER2,TTGG,404
control_sample,SPACER2,TTGT,466
control_sample,SPACER2,TTTA,511
control_sample,SPACER2,TTTC,542
control_sample,SPACER2,TTTG,467
control_sample,SPACER2,TTTT,556
